fraud_prop,normalized,x,y,z,a,,time,1,2,3,4,5,6,7,8,9,10,11,12,13,14,15,16,17,18,19,20,,,,,,,,,,,,,,,,,,,,,,,,,,,,,,,,,,,,,,,,,,,,,,,,,,,,,,,,,,,,,,,,,,,,,,,,,,,,,,,,
95,0,256,64,2,,,26.3,0.506,0.506,0.506,0.506,0.506,0.506,0.506,0.506,0.506,0.506,0.506,0.506,0.506,0.506,0.506,0.506,,,,,,,,,,,,,,,,,,,,,,,,,,,,,,,,,,,,,,,,,,,,,,,,,,,,,,,,,,,,,,,,,,,,,,,,,,,,,,,,,,,,
95,0,256,256,2,,,39.8,0.506,0.506,0.506,0.506,0.506,0.506,0.506,0.506,0.506,0.506,0.506,0.506,0.506,0.506,0.506,0.506,,,,,,,,,,,,,,,,,,,,,,,,,,,,,,,,,,,,,,,,,,,,,,,,,,,,,,,,,,,,,,,,,,,,,,,,,,,,,,,,,,,,
95,0,512,64,2,,,29.9,0.506,0.506,0.506,0.506,0.506,0.506,0.506,0.506,0.506,0.506,0.506,0.506,0.506,0.506,0.506,0.506,,,,,,,,,,,,,,,,,,,,,,,,,,,,,,,,,,,,,,,,,,,,,,,,,,,,,,,,,,,,,,,,,,,,,,,,,,,,,,,,,,,,
99,0,256,128,64,2,,223.3,0.494,0.494,0.494,0.494,0.494,0.494,0.494,0.494,0.494,0.494,0.494,0.494,0.494,0.494,0.494,0.494,,0.494,0.494,0.494,0.494,0.494,0.494,0.494,0.494,0.494,0.494,0.494,0.494,0.494,0.494,0.494,0.494,0.494,0.494,0.494,0.494,0.494,0.494,0.494,0.494,0.494,0.494,0.494,0.494,0.494,0.494,0.494,0.494,0.494,0.494,0.494,0.494,0.494,0.494,0.494,0.494,0.494,0.494,0.494,0.494,0.494,0.494,0.494,0.494,0.494,0.494,0.494,0.494,0.494,0.494,0.494,0.494,0.494,0.494,0.494,0.494,0.494,0.494,0.494,0.494,0.494,0.494,0.494,0.494,0.494,0.494,0.494,0.494,0.494,0.494,0.494,0.494,0.494,0.494,0.494,0.494,0.494,0.494,0.494
99,0,256,128,128,2,,224.8,0.494,0.494,0.494,0.494,0.494,0.494,0.494,0.494,0.494,0.494,0.494,0.494,0.494,0.494,0.494,0.494,,0.494,0.494,0.494,0.494,0.494,0.494,0.494,0.494,0.494,0.494,0.494,0.494,0.494,0.494,0.494,0.494,0.494,0.494,0.494,0.494,0.494,0.494,0.494,0.494,0.494,0.494,0.494,0.494,0.494,0.494,0.494,0.494,0.494,0.494,0.494,0.494,0.494,0.494,0.494,0.494,0.494,0.494,0.494,0.494,0.494,0.494,0.494,0.494,0.494,0.494,0.494,0.494,0.494,0.494,0.494,0.494,0.494,0.494,0.494,0.494,0.494,0.494,0.494,0.494,0.494,0.494,0.494,0.494,0.494,0.494,0.494,0.494,0.494,0.494,0.494,0.494,0.494,0.494,0.494,0.494,0.494,0.494,0.494
99,0,256,256,64,2,,274.6,0.494,0.494,0.494,0.494,0.494,0.494,0.494,0.494,0.494,0.494,0.494,0.494,0.494,0.494,0.494,0.494,,0.494,0.494,0.494,0.494,0.494,0.494,0.494,0.494,0.494,0.494,0.494,0.494,0.494,0.494,0.494,0.494,0.494,0.494,0.494,0.494,0.494,0.494,0.494,0.494,0.494,0.494,0.494,0.494,0.494,0.494,0.494,0.494,0.494,0.494,0.494,0.494,0.494,0.494,0.494,0.494,0.494,0.494,0.494,0.494,0.494,0.494,0.494,0.494,0.494,0.494,0.494,0.494,0.494,0.494,0.494,0.494,0.494,0.494,0.494,0.494,0.494,0.494,0.494,0.494,0.494,0.494,0.494,0.494,0.494,0.494,0.494,0.494,0.494,0.494,0.494,0.494,0.494,0.494,0.494,0.494,0.494,0.494,0.494
99,0,512,128,128,2,,301.8,0.506,0.506,0.506,0.506,0.506,0.506,0.506,0.506,0.506,0.506,0.506,0.506,0.506,0.506,0.506,0.506,,0.506,0.506,0.506,0.506,0.506,0.506,0.506,0.506,0.506,0.506,0.506,0.506,0.506,0.506,0.506,0.506,0.506,0.506,0.506,0.506,0.506,0.506,0.506,0.506,0.506,0.506,0.506,0.506,0.506,0.506,0.506,0.506,0.506,0.506,0.506,0.506,0.506,0.506,0.506,0.506,0.506,0.506,0.506,0.506,0.506,0.506,0.506,0.506,0.506,0.506,0.506,0.506,0.506,0.506,0.506,0.506,0.506,0.506,0.506,0.506,0.506,0.506,0.506,0.506,0.506,0.506,0.506,0.506,0.506,0.506,0.506,0.506,0.506,0.506,0.506,0.506,0.506,0.506,0.506,0.506,0.506,0.506,0.506
99,0,256,256,256,256,2,1569.2,0.494,0.494,0.494,0.494,0.494,0.494,0.494,0.494,0.494,0.494,0.494,0.494,0.494,0.494,0.494,0.494,,0.494,0.494,0.494,0.494,0.494,0.494,0.494,0.494,0.494,0.494,0.494,0.494,0.494,0.494,0.494,0.494,0.494,0.494,0.494,0.494,0.494,0.494,0.494,0.494,0.494,0.494,0.494,0.494,0.494,0.494,0.494,0.494,0.494,0.494,0.494,0.494,0.494,0.494,0.494,0.494,0.494,0.494,0.494,0.494,0.494,0.494,0.494,0.494,0.494,0.494,0.494,0.494,0.494,0.494,0.494,0.494,0.494,0.494,0.494,0.494,0.494,0.494,0.494,0.494,0.494,0.494,0.494,0.494,0.494,0.494,0.494,0.494,0.494,0.494,0.494,0.494,0.494,0.494,0.494,0.494,0.494,0.494,0.494
99,0,512,128,128,128,2,387.2,0.506,0.506,0.506,0.506,0.506,0.506,0.506,0.506,0.506,0.506,0.506,0.506,0.506,0.506,0.506,0.506,,0.506,0.506,0.506,0.506,0.506,0.506,0.506,0.506,0.506,0.506,0.506,0.506,0.506,0.506,0.506,0.506,0.506,0.506,0.506,0.506,0.506,0.506,0.506,0.506,0.506,0.506,0.506,0.506,0.506,0.506,0.506,0.506,0.506,0.506,0.506,0.506,0.506,0.506,0.506,0.506,0.506,0.506,0.506,0.506,0.506,0.506,0.506,0.506,0.506,0.506,0.506,0.506,0.506,0.506,0.506,0.506,0.506,0.506,0.506,0.506,0.506,0.506,0.506,0.506,0.506,0.506,0.506,0.506,0.506,0.506,0.506,0.506,0.506,0.506,0.506,0.506,0.506,0.506,0.506,0.506,0.506,0.506,0.506
99,0,512,256,256,128,2,551.5,0.494,0.494,0.494,0.494,0.494,0.494,0.494,0.494,0.494,0.494,0.494,0.494,0.494,0.494,0.494,0.494,,0.494,0.494,0.494,0.494,0.494,0.494,0.494,0.494,0.494,0.494,0.494,0.494,0.494,0.494,0.494,0.494,0.494,0.494,0.494,0.494,0.494,0.494,0.494,0.494,0.494,0.494,0.494,0.494,0.494,0.494,0.494,0.494,0.494,0.494,0.494,0.494,0.494,0.494,0.494,0.494,0.494,0.494,0.494,0.494,0.494,0.494,0.494,0.494,0.494,0.494,0.494,0.494,0.494,0.494,0.494,0.494,0.494,0.494,0.494,0.494,0.494,0.494,0.494,0.494,0.494,0.494,0.494,0.494,0.494,0.494,0.494,0.494,0.494,0.494,0.494,0.494,0.494,0.494,0.494,0.494,0.494,0.494,0.494
99,0,1024,256,128,128,2,740.3,0.506,0.506,0.506,0.506,0.506,0.506,0.506,0.506,0.506,0.506,0.506,0.506,0.506,0.506,0.506,0.506,,0.506,0.506,0.506,0.506,0.506,0.506,0.506,0.506,0.506,0.506,0.506,0.506,0.506,0.506,0.506,0.506,0.506,0.506,0.506,0.506,0.506,0.506,0.506,0.506,0.506,0.506,0.506,0.506,0.506,0.506,0.506,0.506,0.506,0.506,0.506,0.506,0.506,0.506,0.506,0.506,0.506,0.506,0.506,0.506,0.506,0.506,0.506,0.506,0.506,0.506,0.506,0.506,0.506,0.506,0.506,0.506,0.506,0.506,0.506,0.506,0.506,0.506,0.506,0.506,0.506,0.506,0.506,0.506,0.506,0.506,0.506,0.506,0.506,0.506,0.506,0.506,0.506,0.506,0.506,0.506,0.506,0.506,0.506
95,1,256,64,2,,,430,0.501,0.501,0.501,0.501,0.501,0.501,0.501,0.501,0.501,0.501,0.501,0.501,0.501,0.501,0.501,0.501,,,,,,,,,,,,,,,,,,,,,,,,,,,,,,,,,,,,,,,,,,,,,,,,,,,,,,,,,,,,,,,,,,,,,,,,,,,,,,,,,,,,
95,1,256,256,2,,,562.7,0.501,0.501,0.501,0.501,0.501,0.501,0.501,0.501,0.501,0.501,0.501,0.501,0.501,0.501,0.501,0.501,,,,,,,,,,,,,,,,,,,,,,,,,,,,,,,,,,,,,,,,,,,,,,,,,,,,,,,,,,,,,,,,,,,,,,,,,,,,,,,,,,,,
95,1,512,64,2,,,509,0.501,0.501,0.501,0.501,0.501,0.501,0.501,0.501,0.501,0.501,0.501,0.501,0.501,0.501,0.501,0.501,,,,,,,,,,,,,,,,,,,,,,,,,,,,,,,,,,,,,,,,,,,,,,,,,,,,,,,,,,,,,,,,,,,,,,,,,,,,,,,,,,,,
99,1,256,128,64,2,,2882.1,0.501,0.501,0.501,0.501,0.501,0.501,0.501,0.501,0.501,0.501,0.501,0.501,0.501,0.501,0.501,0.501,,0.501,0.501,0.501,0.501,0.501,0.501,0.501,0.501,0.501,0.501,0.501,0.501,0.501,0.501,0.501,0.501,0.501,0.501,0.501,0.501,0.501,0.501,0.501,0.501,0.501,0.501,0.501,0.501,0.501,0.501,0.501,0.501,0.501,0.501,0.501,0.501,0.501,0.501,0.501,0.501,0.501,0.501,0.501,0.501,0.501,0.501,0.501,0.501,0.501,0.501,0.501,0.501,0.501,0.501,0.501,0.501,0.501,0.501,0.501,0.501,0.501,0.501,0.501,0.501,0.501,0.501,0.501,0.501,0.501,0.501,0.501,0.501,0.501,0.501,0.501,0.501,0.501,0.501,0.501,0.501,0.501,0.501,0.501
99,1,256,128,128,2,,3123.4,0.501,0.501,0.501,0.501,0.501,0.501,0.501,0.501,0.501,0.501,0.501,0.501,0.501,0.501,0.501,0.501,,0.501,0.501,0.501,0.501,0.501,0.501,0.501,0.501,0.501,0.501,0.501,0.501,0.501,0.501,0.501,0.501,0.501,0.501,0.501,0.501,0.501,0.501,0.501,0.501,0.501,0.501,0.501,0.501,0.501,0.501,0.501,0.501,0.501,0.501,0.501,0.501,0.501,0.501,0.501,0.501,0.501,0.501,0.501,0.501,0.501,0.501,0.501,0.501,0.501,0.501,0.501,0.501,0.501,0.501,0.501,0.501,0.501,0.501,0.501,0.501,0.501,0.501,0.501,0.501,0.501,0.501,0.501,0.501,0.501,0.501,0.501,0.501,0.706,0.501,0.501,0.501,0.501,0.501,0.501,0.501,0.501,0.501,0.501
99,1,256,256,64,2,,3638.4,0.501,0.501,0.501,0.501,0.501,0.501,0.501,0.501,0.501,0.501,0.501,0.501,0.501,0.501,0.501,0.501,,0.501,0.501,0.501,0.501,0.501,0.501,0.501,0.501,0.501,0.501,0.501,0.501,0.501,0.501,0.501,0.501,0.501,0.501,0.501,0.501,0.501,0.501,0.501,0.501,0.501,0.501,0.501,0.501,0.501,0.501,0.501,0.501,0.501,0.501,0.501,0.501,0.501,0.501,0.501,0.501,0.706,0.501,0.501,0.501,0.501,0.501,0.501,0.501,0.501,0.501,0.501,0.501,0.501,0.501,0.501,0.501,0.501,0.501,0.501,0.501,0.501,0.501,0.501,0.501,0.501,0.501,0.501,0.501,0.501,0.501,0.501,0.501,0.501,0.501,0.501,0.501,0.501,0.501,0.501,0.501,0.501,0.501,0.501
99,1,512,128,128,2,,4379.2,0.499,0.499,0.501,0.501,0.501,0.501,0.501,0.501,0.501,0.501,0.501,0.501,0.501,0.501,0.501,0.501,,0.501,0.501,0.501,0.501,0.501,0.501,0.501,0.501,0.501,0.501,0.501,0.501,0.501,0.501,0.501,0.501,0.501,0.501,0.501,0.501,0.501,0.501,0.501,0.501,0.501,0.501,0.501,0.501,0.501,0.501,0.501,0.501,0.501,0.501,0.501,0.501,0.501,0.501,0.501,0.501,0.501,0.501,0.501,0.501,0.501,0.501,0.501,0.501,0.501,0.501,0.501,0.501,0.501,0.501,0.706,0.501,0.501,0.501,0.501,0.501,0.501,0.501,0.501,0.501,0.501,0.501,0.706,0.501,0.501,0.501,0.706,0.501,0.501,0.501,0.501,0.706,0.501,0.501,0.501,0.501,0.501,0.501,0.501
99,1,256,256,256,256,2,8539.6,0.501,0.501,0.501,0.501,0.501,0.501,0.501,0.501,0.501,0.501,0.501,0.501,0.501,0.501,0.501,0.501,,0.501,0.501,0.501,0.501,0.501,0.501,0.501,0.501,0.501,0.501,0.501,0.501,0.501,0.501,0.501,0.501,0.501,0.501,0.501,0.501,0.501,0.501,0.501,0.501,0.501,0.501,0.501,0.501,0.501,0.501,0.501,0.501,0.501,0.501,0.501,0.501,0.501,0.501,0.501,0.501,0.501,0.501,0.501,0.501,0.501,0.501,0.501,0.501,0.501,0.501,0.501,0.706,0.501,0.501,0.501,0.501,0.501,0.501,0.501,0.501,0.501,0.501,0.706,0.501,0.501,0.501,0.501,0.501,0.501,0.501,0.501,0.501,0.501,0.501,0.501,0.501,0.501,0.501,0.501,0.501,0.501,0.501,0.501
99,1,512,128,128,128,2,5036.6,0.499,0.501,0.501,0.501,0.501,0.501,0.501,0.501,0.501,0.501,0.501,0.501,0.501,0.501,0.501,0.501,,0.501,0.501,0.501,0.501,0.501,0.501,0.501,0.501,0.501,0.501,0.501,0.501,0.501,0.501,0.501,0.706,0.501,0.706,0.501,0.501,0.501,0.501,0.501,0.501,0.501,0.501,0.706,0.501,0.501,0.501,0.501,0.501,0.501,0.501,0.501,0.501,0.501,0.501,0.501,0.501,0.501,0.501,0.501,0.501,0.501,0.501,0.501,0.501,0.501,0.501,0.501,0.501,0.501,0.501,0.501,0.501,0.501,0.501,0.501,0.501,0.501,0.501,0.501,0.501,0.501,0.501,0.501,0.501,0.501,0.501,0.501,0.501,0.501,0.501,0.501,0.501,0.501,0.501,0.501,0.501,0.501,0.501,0.501
99,1,512,256,256,128,2,7602.5,0.501,0.501,0.501,0.501,0.501,0.501,0.501,0.501,0.501,0.501,0.501,0.501,0.501,0.501,0.501,0.501,,0.501,0.501,0.501,0.501,0.501,0.501,0.501,0.501,0.501,0.501,0.501,0.501,0.501,0.501,0.501,0.501,0.501,0.501,0.501,0.501,0.501,0.501,0.501,0.501,0.501,0.501,0.501,0.501,0.501,0.501,0.501,0.501,0.501,0.706,0.501,0.501,0.501,0.501,0.501,0.501,0.501,0.706,0.501,0.501,0.501,0.501,0.501,0.501,0.501,0.501,0.501,0.501,0.501,0.501,0.501,0.501,0.706,0.501,0.501,0.501,0.501,0.501,0.501,0.501,0.501,0.501,0.501,0.501,0.501,0.501,0.501,0.501,0.501,0.501,0.501,0.501,0.501,0.706,0.501,0.501,0.501,0.501,0.501
99,1,1024,256,128,128,2,1362.1,0.499,0.499,0.499,0.499,0.499,0.499,0.499,0.499,0.499,0.499,0.499,0.499,0.499,0.499,0.499,0.499,,0.499,0.499,0.499,0.499,0.499,0.499,0.499,0.499,0.499,0.499,0.499,0.499,0.499,0.499,0.499,0.499,0.499,0.499,0.499,0.499,0.499,0.499,0.499,0.499,0.499,0.499,0.499,0.499,0.499,0.499,0.499,0.499,0.499,0.499,0.499,0.499,0.499,0.499,0.499,0.499,0.499,0.499,0.499,0.499,0.499,0.499,0.499,0.499,0.499,0.499,0.499,0.499,0.499,0.499,0.499,0.499,0.499,0.499,0.499,0.499,0.499,0.499,0.499,0.499,0.499,0.499,0.499,0.499,0.499,0.499,0.499,0.499,0.499,0.499,0.499,0.499,0.499,0.499,0.499,0.499,0.499,0.499,0.499
95,0,256,64,2,,,56.4,0.75,0.75,0.75,0.75,0.75,0.75,0.75,0.75,0.75,0.75,0.75,0.75,0.75,0.75,0.75,0.75,,,,,,,,,,,,,,,,,,,,,,,,,,,,,,,,,,,,,,,,,,,,,,,,,,,,,,,,,,,,,,,,,,,,,,,,,,,,,,,,,,,,
95,0,256,256,2,,,79.6,0.75,0.75,0.75,0.75,0.75,0.75,0.75,0.75,0.75,0.75,0.75,0.75,0.75,0.75,0.75,0.75,,,,,,,,,,,,,,,,,,,,,,,,,,,,,,,,,,,,,,,,,,,,,,,,,,,,,,,,,,,,,,,,,,,,,,,,,,,,,,,,,,,,
95,0,512,64,2,,,56.9,0.75,0.75,0.75,0.75,0.75,0.75,0.75,0.75,0.75,0.75,0.75,0.75,0.75,0.75,0.75,0.75,,,,,,,,,,,,,,,,,,,,,,,,,,,,,,,,,,,,,,,,,,,,,,,,,,,,,,,,,,,,,,,,,,,,,,,,,,,,,,,,,,,,
99,0,256,128,64,2,,418.1,0.75,0.75,0.75,0.75,0.75,0.75,0.75,0.75,0.75,0.75,0.75,0.75,0.75,0.75,0.75,0.75,,0.75,0.75,0.75,0.75,0.75,0.75,0.75,0.75,0.75,0.75,0.75,0.75,0.75,0.75,0.75,0.75,0.75,0.75,0.75,0.75,0.75,0.75,0.75,0.75,0.75,0.75,0.75,0.75,0.75,0.75,0.75,0.75,0.75,0.75,0.75,0.75,0.75,0.75,0.75,0.75,0.75,0.75,0.75,0.75,0.75,0.75,0.75,0.75,0.75,0.75,0.75,0.75,0.75,0.75,0.75,0.75,0.75,0.75,0.75,0.75,0.75,0.75,0.75,0.75,0.75,0.75,0.75,0.75,0.75,0.75,0.75,0.75,0.75,0.75,0.75,0.75,0.75,0.75,0.75,0.75,0.75,0.75,0.75
99,0,256,128,128,2,,450.1,0.75,0.75,0.75,0.75,0.75,0.75,0.75,0.75,0.75,0.75,0.75,0.75,0.75,0.75,0.75,0.75,,0.75,0.75,0.75,0.75,0.75,0.75,0.75,0.75,0.75,0.75,0.75,0.75,0.75,0.75,0.75,0.75,0.75,0.75,0.75,0.75,0.75,0.75,0.75,0.75,0.75,0.75,0.75,0.75,0.75,0.75,0.75,0.75,0.75,0.75,0.75,0.75,0.75,0.75,0.75,0.75,0.75,0.75,0.75,0.75,0.75,0.75,0.75,0.75,0.75,0.75,0.75,0.75,0.75,0.75,0.75,0.75,0.75,0.75,0.75,0.75,0.75,0.75,0.75,0.75,0.75,0.75,0.75,0.75,0.75,0.75,0.75,0.75,0.75,0.75,0.75,0.75,0.75,0.75,0.75,0.75,0.75,0.75,0.75
99,0,256,256,64,2,,558,0.75,0.75,0.75,0.75,0.75,0.75,0.75,0.75,0.75,0.75,0.75,0.75,0.75,0.75,0.75,0.75,,0.75,0.75,0.75,0.75,0.75,0.75,0.75,0.75,0.75,0.75,0.75,0.75,0.75,0.75,0.75,0.75,0.75,0.75,0.75,0.75,0.75,0.75,0.75,0.75,0.75,0.75,0.75,0.75,0.75,0.75,0.75,0.75,0.75,0.75,0.75,0.75,0.75,0.75,0.75,0.75,0.75,0.75,0.75,0.75,0.75,0.75,0.75,0.75,0.75,0.75,0.75,0.75,0.75,0.75,0.75,0.75,0.75,0.75,0.75,0.75,0.75,0.75,0.75,0.75,0.75,0.75,0.75,0.75,0.75,0.75,0.75,0.75,0.75,0.75,0.75,0.75,0.75,0.75,0.75,0.75,0.75,0.75,0.75
99,0,512,128,128,2,,603.7,0.75,0.75,0.75,0.75,0.75,0.75,0.75,0.75,0.75,0.75,0.75,0.75,0.75,0.75,0.75,0.75,,0.75,0.75,0.75,0.75,0.75,0.75,0.75,0.75,0.75,0.75,0.75,0.75,0.75,0.75,0.75,0.75,0.75,0.75,0.75,0.75,0.75,0.75,0.75,0.75,0.75,0.75,0.75,0.75,0.75,0.75,0.75,0.75,0.75,0.75,0.75,0.75,0.75,0.75,0.75,0.75,0.75,0.75,0.75,0.75,0.75,0.75,0.75,0.75,0.75,0.75,0.75,0.75,0.75,0.75,0.75,0.75,0.75,0.75,0.75,0.75,0.75,0.75,0.75,0.75,0.75,0.75,0.75,0.75,0.75,0.75,0.75,0.75,0.75,0.75,0.75,0.75,0.75,0.75,0.75,0.75,0.75,0.75,0.75
99,0,256,256,256,256,2,1015.3,0.75,0.75,0.75,0.75,0.75,0.75,0.75,0.75,0.75,0.75,0.75,0.75,0.75,0.75,0.75,0.75,,0.75,0.75,0.75,0.75,0.75,0.75,0.75,0.75,0.75,0.75,0.75,0.75,0.75,0.75,0.75,0.75,0.75,0.75,0.75,0.75,0.75,0.75,0.75,0.75,0.75,0.75,0.75,0.75,0.75,0.75,0.75,0.75,0.75,0.75,0.75,0.75,0.75,0.75,0.75,0.75,0.75,0.75,0.75,0.75,0.75,0.75,0.75,0.75,0.75,0.75,0.75,0.75,0.75,0.75,0.75,0.75,0.75,0.75,0.75,0.75,0.75,0.75,0.75,0.75,0.75,0.75,0.75,0.75,0.75,0.75,0.75,0.75,0.75,0.75,0.75,0.75,0.75,0.75,0.75,0.75,0.75,0.75,0.75
99,0,512,128,128,128,2,770.1,0.75,0.75,0.75,0.75,0.75,0.75,0.75,0.75,0.75,0.75,0.75,0.75,0.75,0.75,0.75,0.75,,0.75,0.75,0.75,0.75,0.75,0.75,0.75,0.75,0.75,0.75,0.75,0.75,0.75,0.75,0.75,0.75,0.75,0.75,0.75,0.75,0.75,0.75,0.75,0.75,0.75,0.75,0.75,0.75,0.75,0.75,0.75,0.75,0.75,0.75,0.75,0.75,0.75,0.75,0.75,0.75,0.75,0.75,0.75,0.75,0.75,0.75,0.75,0.75,0.75,0.75,0.75,0.75,0.75,0.75,0.75,0.75,0.75,0.75,0.75,0.75,0.75,0.75,0.75,0.75,0.75,0.75,0.75,0.75,0.75,0.75,0.75,0.75,0.75,0.75,0.75,0.75,0.75,0.75,0.75,0.75,0.75,0.75,0.75
99,0,512,256,256,128,2,1111.3,0.75,0.75,0.75,0.75,0.75,0.75,0.75,0.75,0.75,0.75,0.75,0.75,0.75,0.75,0.75,0.75,,0.75,0.75,0.75,0.75,0.75,0.75,0.75,0.75,0.75,0.75,0.75,0.75,0.75,0.75,0.75,0.75,0.75,0.75,0.75,0.75,0.75,0.75,0.75,0.75,0.75,0.75,0.75,0.75,0.75,0.75,0.75,0.75,0.75,0.75,0.75,0.75,0.75,0.75,0.75,0.75,0.75,0.75,0.75,0.75,0.75,0.75,0.75,0.75,0.75,0.75,0.75,0.75,0.75,0.75,0.75,0.75,0.75,0.75,0.75,0.75,0.75,0.75,0.75,0.75,0.75,0.75,0.75,0.75,0.75,0.75,0.75,0.75,0.75,0.75,0.75,0.75,0.75,0.75,0.75,0.75,0.75,0.75,0.75
99,0,1024,256,128,128,2,1481.1,0.75,0.75,0.75,0.75,0.75,0.75,0.75,0.75,0.75,0.75,0.75,0.75,0.75,0.75,0.75,0.75,,0.75,0.75,0.75,0.75,0.75,0.75,0.75,0.75,0.75,0.75,0.75,0.75,0.75,0.75,0.75,0.75,0.75,0.75,0.75,0.75,0.75,0.75,0.75,0.75,0.75,0.75,0.75,0.75,0.75,0.75,0.75,0.75,0.75,0.75,0.75,0.75,0.75,0.75,0.75,0.75,0.75,0.75,0.75,0.75,0.75,0.75,0.75,0.75,0.75,0.75,0.75,0.75,0.75,0.75,0.75,0.75,0.75,0.75,0.75,0.75,0.75,0.75,0.75,0.75,0.75,0.75,0.75,0.75,0.75,0.75,0.75,0.75,0.75,0.75,0.75,0.75,0.75,0.75,0.75,0.75,0.75,0.75,0.75
95,1,256,64,2,,,838.9,0.75,0.75,0.75,0.75,0.75,0.75,0.75,0.75,0.75,0.75,0.75,0.75,0.75,0.75,0.75,0.75,,,,,,,,,,,,,,,,,,,,,,,,,,,,,,,,,,,,,,,,,,,,,,,,,,,,,,,,,,,,,,,,,,,,,,,,,,,,,,,,,,,,
95,1,256,256,2,,,1188.4,0.75,0.75,0.75,0.75,0.75,0.75,0.75,0.75,0.75,0.75,0.75,0.75,0.75,0.75,0.75,0.75,,,,,,,,,,,,,,,,,,,,,,,,,,,,,,,,,,,,,,,,,,,,,,,,,,,,,,,,,,,,,,,,,,,,,,,,,,,,,,,,,,,,
95,1,512,64,2,,,1004.4,0.75,0.75,0.75,0.75,0.75,0.75,0.75,0.75,0.75,0.75,0.75,0.75,0.75,0.75,0.75,0.75,,,,,,,,,,,,,,,,,,,,,,,,,,,,,,,,,,,,,,,,,,,,,,,,,,,,,,,,,,,,,,,,,,,,,,,,,,,,,,,,,,,,
99,1,256,128,64,2,,5541.4,0.75,0.75,0.75,0.75,0.75,0.75,0.75,0.75,0.75,0.75,0.75,0.75,0.75,0.75,0.75,0.75,,0.75,0.75,0.75,0.75,0.75,0.75,0.75,0.75,0.75,0.75,0.75,0.75,0.75,0.75,0.75,0.75,0.75,0.75,0.75,0.75,0.75,0.75,0.75,0.75,0.75,0.75,0.75,0.75,0.75,0.75,0.75,0.75,0.75,0.75,0.75,0.75,0.75,0.75,0.75,0.75,0.75,0.75,0.75,0.75,0.75,0.75,0.75,0.75,0.75,0.75,0.75,0.75,0.75,0.75,0.75,0.75,0.75,0.75,0.75,0.75,0.75,0.75,0.75,0.75,0.75,0.75,0.75,0.75,0.75,0.75,0.75,0.75,0.75,0.75,0.75,0.75,0.75,0.75,0.75,0.75,0.75,0.75,0.75
99,1,256,128,128,2,,1142.7,0.75,0.75,0.75,0.75,0.75,0.75,0.75,0.75,0.75,0.75,0.75,0.75,0.75,0.75,0.75,0.75,,0.75,0.75,0.75,0.75,0.75,0.75,0.75,0.75,0.75,0.75,0.75,0.75,0.75,0.75,0.75,0.75,0.75,0.75,0.75,0.75,0.75,0.75,0.75,0.75,0.75,0.75,0.75,0.75,0.75,0.75,0.75,0.75,0.75,0.75,0.75,0.75,0.75,0.75,0.75,0.75,0.75,0.75,0.75,0.75,0.75,0.75,0.75,0.75,0.75,0.75,0.75,0.75,0.75,0.75,0.75,0.75,0.75,0.75,0.75,0.75,0.75,0.75,0.75,0.75,0.75,0.75,0.75,0.75,0.75,0.75,0.75,0.75,0.75,0.75,0.75,0.75,0.75,0.75,0.75,0.75,0.75,0.75,0.75
99,1,256,256,64,2,,7162.3,0.75,0.75,0.75,0.75,0.75,0.75,0.75,0.75,0.75,0.75,0.75,0.75,0.75,0.75,0.75,0.75,,0.75,0.75,0.75,0.75,0.75,0.75,0.75,0.75,0.75,0.75,0.75,0.75,0.75,0.75,0.75,0.75,0.75,0.75,0.75,0.75,0.75,0.75,0.75,0.75,0.75,0.75,0.75,0.75,0.75,0.75,0.75,0.75,0.75,0.75,0.75,0.75,0.75,0.75,0.75,0.75,0.75,0.75,0.75,0.75,0.75,0.75,0.75,0.75,0.75,0.75,0.75,0.75,0.75,0.75,0.75,0.75,0.75,0.75,0.75,0.75,0.75,0.75,0.75,0.75,0.75,0.75,0.75,0.75,0.75,0.75,0.75,0.75,0.75,0.75,0.75,0.75,0.75,0.75,0.75,0.75,0.75,0.75,0.75
99,1,512,128,128,2,,8732.7,0.75,0.75,0.75,0.75,0.75,0.75,0.75,0.75,0.75,0.75,0.75,0.75,0.75,0.75,0.75,0.75,,0.75,0.75,0.75,0.75,0.75,0.75,0.75,0.75,0.75,0.75,0.75,0.75,0.75,0.75,0.75,0.75,0.75,0.75,0.75,0.75,0.75,0.75,0.75,0.75,0.75,0.75,0.75,0.75,0.75,0.75,0.75,0.75,0.75,0.75,0.75,0.75,0.75,0.75,0.75,0.75,0.75,0.75,0.75,0.75,0.75,0.75,0.75,0.75,0.75,0.75,0.75,0.75,0.75,0.75,0.75,0.75,0.75,0.75,0.75,0.75,0.75,0.75,0.75,0.75,0.75,0.75,0.75,0.75,0.75,0.75,0.75,0.75,0.75,0.75,0.75,0.75,0.75,0.75,0.75,0.75,0.75,0.75,0.75
99,1,256,256,256,256,2,7521,0.75,0.75,0.75,0.75,0.75,0.75,0.75,0.75,0.75,0.75,0.75,0.75,0.75,0.75,0.75,0.75,,0.75,0.75,0.75,0.75,0.75,0.75,0.75,0.75,0.75,0.75,0.75,0.75,0.75,0.75,0.75,0.75,0.75,0.75,0.75,0.75,0.75,0.75,0.75,0.75,0.75,0.75,0.75,0.75,0.75,0.75,0.75,0.75,0.75,0.75,0.75,0.75,0.75,0.75,0.75,0.75,0.75,0.75,0.75,0.75,0.75,0.75,0.75,0.75,0.75,0.75,0.75,0.75,0.75,0.75,0.75,0.75,0.75,0.75,0.75,0.75,0.75,0.75,0.75,0.75,0.75,0.75,0.75,0.75,0.75,0.75,0.75,0.75,0.75,0.75,0.75,0.75,0.75,0.75,0.75,0.75,0.75,0.75,0.75
99,1,512,128,128,128,2,28892.3,0.75,0.75,0.75,0.75,0.75,0.75,0.75,0.75,0.75,0.75,0.75,0.75,0.75,0.75,0.75,0.75,,0.75,0.75,0.75,0.75,0.75,0.75,0.75,0.75,0.75,0.75,0.75,0.75,0.75,0.75,0.75,0.75,0.75,0.75,0.75,0.75,0.75,0.75,0.75,0.75,0.75,0.75,0.75,0.75,0.75,0.75,0.75,0.75,0.75,0.75,0.75,0.75,0.75,0.75,0.75,0.75,0.75,0.75,0.75,0.75,0.75,0.75,0.75,0.75,0.75,0.75,0.75,0.75,0.75,0.75,0.75,0.75,0.75,0.75,0.75,0.75,0.75,0.75,0.75,0.75,0.75,0.75,0.75,0.75,0.75,0.75,0.75,0.75,0.75,0.75,0.75,0.75,0.75,0.75,0.75,0.75,0.75,0.75,0.75
99,1,512,256,256,128,2,19512.9,0.75,0.75,0.75,0.75,0.75,0.75,0.75,0.75,0.75,0.75,0.75,0.75,0.75,0.75,0.75,0.75,,0.75,0.75,0.75,0.75,0.75,0.75,0.75,0.75,0.75,0.75,0.75,0.75,0.75,0.75,0.75,0.75,0.75,0.75,0.75,0.75,0.75,0.75,0.75,0.75,0.75,0.75,0.75,0.75,0.75,0.75,0.75,0.75,0.75,0.75,0.75,0.75,0.75,0.75,0.75,0.75,0.75,0.75,0.75,0.75,0.75,0.75,0.75,0.75,0.75,0.75,0.75,0.75,0.75,0.75,0.75,0.75,0.75,0.75,0.75,0.75,0.75,0.75,0.75,0.75,0.75,0.75,0.75,0.75,0.75,0.75,0.75,0.75,0.75,0.75,0.75,0.75,0.75,0.75,0.75,0.75,0.75,0.75,0.75
99,1,1024,256,128,128,2,5707.4,0.75,0.75,0.75,0.75,0.75,0.75,0.75,0.75,0.75,0.75,0.75,0.75,0.75,0.75,0.75,0.75,,0.75,0.75,0.75,0.75,0.75,0.75,0.75,0.75,0.75,0.75,0.75,0.75,0.75,0.75,0.75,0.75,0.75,0.75,0.75,0.75,0.75,0.75,0.75,0.75,0.75,0.75,0.75,0.75,0.75,0.75,0.75,0.75,0.75,0.75,0.75,0.75,0.75,0.75,0.75,0.75,0.75,0.75,0.75,0.75,0.75,0.75,0.75,0.75,0.75,0.75,0.75,0.75,0.75,0.75,0.75,0.75,0.75,0.75,0.75,0.75,0.75,0.75,0.75,0.75,0.75,0.75,0.75,0.75,0.75,0.75,0.75,0.75,0.75,0.75,0.75,0.75,0.75,0.75,0.75,0.75,0.75,0.75,0.75